<?xml version="1.0" encoding="utf-8"?>
<Project xmlns="ProjectCreationSettingsFileSchema.xsd">
  
  <TFSName>https://torteamservertf.ww005.siemens.net/tfs/dm/</TFSName>
           
  <ProjectName>Policy</ProjectName>
  <ProjectSiteTitle>Policy</ProjectSiteTitle>
  <ProjectSiteDescription>Insurance policies Core business objects v1.0 Mainline</ProjectSiteDescription>

  <ProjectSiteEnabled>false</ProjectSiteEnabled>  
    
  <SccCreateType>New</SccCreateType>  
  <SccBranchFromPath></SccBranchFromPath>  
  
  <ProcessTemplateName>MSF for CMMI Process Improvement v5.0</ProcessTemplateName>

  <LogFolder>c:\TFSLogs</LogFolder>
</Project>