<?xml version="1.0" encoding="utf-8"?>
<Project xmlns="ProjectCreationSettingsFileSchema.xsd">

  <LogFolder>c:\TFSLogs</LogFolder>

  <TFSName>https://torteamservertf.ww005.siemens.net/tfs/dm/</TFSName>

  <ProjectName>Fire</ProjectName>
  <ProjectSiteTitle>Fire</ProjectSiteTitle>
  <ProjectSiteDescription>Fire insurance policy</ProjectSiteDescription>

  <ProjectSiteEnabled>false</ProjectSiteEnabled>


  <SccCreateType>New</SccCreateType>
  <SccBranchFromPath></SccBranchFromPath>


  <ProcessTemplateName>MSF for CMMI Process Improvement v5.0</ProcessTemplateName>
  
</Project>